Name,E-Mail,Note
test1,abc,test1 Note
test2,test2, Note
test3,test3@test.de,test3 Note
test4,test4@test.de,test4 Note
test5,test5@test.de,test5 Note
test6,test6@test.de,test6 Note
test7,test7@test.de,test7 Note
test8,test8@test.de,test8 Note
test9,test9@test.de,test9 Note
test10,test10@test.de,test10 Note
test11,test11@test.de,test11 Note
test12,test12@test.de,test12 Note
test13,test13@test.de,test13 Note
test14,test14@test.de,test14 Note
test15,test15@test.de,test15 Note
test16,test16@test.de,test16 Note
test17,test17@test.de,test17 Note
test18,test18@test.de,test18 Note
test19,test19@test.de,test19 Note
test20,test20@test.de,test20 Note
